"No.","Radio ID","Name","Call Type","Call Alert"
"1","202","202","Group Call","None"
"2","2021","2021","Group Call","None"
"3","2022","2022","Group Call","None"
"4","2023","2023","Group Call","None"
"5","2024","2024","Group Call","None"
"6","2025","2025","Group Call","None"
"7","2026","2026","Group Call","None"
"8","2027","2027","Group Call","None"
"9","2028","2028","Group Call","None"
"10","2029","2029","Group Call","None"
"11","20207","20207","Group Call","None"
"12","202601","202601","Group Call","None"
"13","202604","202604","Group Call","None"
"14","930","930","Group Call","None"
"15","91","91","Group Call","None"
"16","3100","3100","Group Call","None"
"17","9","9","Group Call","None"
"18","202011","202011","Group Call","None"
"19","202012","202012","Group Call","None"
"20","8","8","Group Call","None"
"21","20281","20281","Group Call","None"
"22","20221","20221","Group Call","None"
"23","88","88","Group Call","None"
"24","20231","20231","Group Call","None"
"25","20208","20208","Group Call","None"
"26","202999","202999","Group Call","None"
